fastq	AACGCGAT	499_lean_wt_male_H3K9ac
fastq	TCACAAGC	500_lean_nnat_male_H3K9ac
fastq	TCCGGTAT	550_huge_nnat_male_H3K9ac
fastq	CAGTAGAC	551_lean_wt_male_H3K9ac
fastq	GGAGTAAG	555_huge_nnatd9_male_H3K9ac
fastq	GCGATAAC	557_lean_nnat_male_H3K9ac
fastq	TCGGACTT	558_huge_nnat_male_H3K9ac
fastq	TGCCTTAG	582_huge_nnatd9_male_H3K9ac
fastq	TTAGTCGC	583_lean_wt_male_H3K9ac
fastq	TTCTGACC	591_lean_wt_male_H3K9ac
fastq	TGATTGCC	592_huge_nnat_male_H3K9ac
fastq	CTGGATTC	594_lean_nnat_male_H3K9ac
fastq	AGACGAAC	625_huge_nnatd9_male_H3K9ac
fastq	CGCTTATC	626_huge_nnat_male_H3K9ac
fastq	TTAAGGCG	672_huge_nnatd9_male_H3K9ac
fastq	CGAAGTCT	674_lean_wt_male_H3K9ac
fastq	TGCCTCTT	680_huge_nnat_male_H3K9ac
fastq	GAAGAGAG	683_lean_wt_male_H3K9ac
fastq	CGTATCCT	686_lean_nnat_male_H3K9ac
fastq	TTCAAGCC	687_lean_wt_male_H3K9ac
fastq	default	sample_none
